C(t);H(t-1);L(t-1);O(t)
1.2059000;1.2010900;1.1991200;1.1995000
1.2012500;1.2081300;1.1995000;1.2059300
1.2068600;1.2066300;1.2000000;1.2012300
1.2041800;1.2090000;1.2002800;1.2068400
1.2026000;1.2082800;1.2019000;1.2041800
1.2024600;1.2042500;1.2022000;1.2029100
1.1967000;1.2034000;1.2014000;1.2024500
1.1937600;1.2052300;1.1954000;1.1966800
1.1956700;1.1975700;1.1914000;1.1936000
1.2030600;1.2018100;1.1922000;1.1956600
1.2187000;1.2060000;1.1928000;1.2030500
1.2199100;1.2188700;1.2027000;1.2186900
1.2195200;1.2218800;1.2186000;1.2197800
1.2269400;1.2206000;1.2187200;1.2195100
1.2266400;1.2296700;1.2186000;1.2269100
1.2212800;1.2283500;1.2194000;1.2265000
1.2238600;1.2323200;1.2195000;1.2212800
1.2220700;1.2264900;1.2163800;1.2238600
1.2219500;1.2295400;1.2217000;1.2220700
1.2269100;1.2233800;1.2213000;1.2261000
1.2258400;1.2273000;1.2259000;1.2269000
1.2293700;1.2274000;1.2213000;1.2258300
1.2398100;1.2306300;1.2221900;1.2293600
1.2406000;1.2414900;1.2289800;1.2398900
1.2419900;1.2537800;1.2363000;1.2406200
1.2422400;1.2493700;1.2368200;1.2419800
1.2423000;1.2432500;1.2416000;1.2427000
1.2382600;1.2434000;1.2419900;1.2423000
1.2394000;1.2432300;1.2335000;1.2382100
1.2415100;1.2454000;1.2334000;1.2394200
1.2514000;1.2474900;1.2386000;1.2415100
1.2461500;1.2522900;1.2384000;1.2513800
1.2457000;1.2520000;1.2408000;1.2461400
1.2432600;1.2462700;1.2450400;1.2452500
1.2387800;1.2459000;1.2430000;1.2432500
1.2371500;1.2474900;1.2386000;1.2388000
1.2260400;1.2434600;1.2312000;1.2371800
1.2243300;1.2406100;1.2244000;1.2260700
1.2234800;1.2295000;1.2210000;1.2243100
1.2251500;1.2287300;1.2204000;1.2235000
1.2245000;1.2255100;1.2231000;1.2252000
1.2290700;1.2254400;1.2241700;1.2244000
1.2356100;1.2297700;1.2233000;1.2290900
1.2463400;1.2371100;1.2283000;1.2356200
1.2504300;1.2464600;1.2275000;1.2463600
1.2405600;1.2510400;1.2446000;1.2504800
1.2411000;1.2555600;1.2392000;1.2405300
1.2398000;1.2412800;1.2401900;1.2404000
1.2405300;1.2410500;1.2394000;1.2398000
1.2335600;1.2435200;1.2367000;1.2406000
1.2290100;1.2412300;1.2318900;1.2335700
1.2325000;1.2359900;1.2279800;1.2290100
1.2294400;1.2352100;1.2257900;1.2324600
1.2294000;1.2337400;1.2278000;1.2294100
1.2289300;1.2298500;1.2287700;1.2295100
1.2313000;1.2298000;1.2280800;1.2289200
1.2229000;1.2355200;1.2276000;1.2312900
1.2199600;1.2346400;1.2220000;1.2229000
1.2262600;1.2241800;1.2186000;1.2200000
1.2330900;1.2273100;1.2153000;1.2262500
1.2317000;1.2335900;1.2250000;1.2330900
1.2355600;1.2331300;1.2314000;1.2322000
1.2338100;1.2356000;1.2317700;1.2355700
1.2402700;1.2364400;1.2267000;1.2338200
1.2412700;1.2420300;1.2327000;1.2402700
1.2312500;1.2444900;1.2383000;1.2412600
1.2306500;1.2446200;1.2297000;1.2312600
1.2305000;1.2334300;1.2272000;1.2306400
1.2310500;1.2309300;1.2302000;1.2307600
1.2333500;1.2315200;1.2307600;1.2313000
1.2389200;1.2345600;1.2289000;1.2332800
1.2367000;1.2410000;1.2313000;1.2389200
1.2304200;1.2412700;1.2346000;1.2366100
1.2287100;1.2383600;1.2299000;1.2304300
1.2285000;1.2336400;1.2259600;1.2289000
1.2282700;1.2289000;1.2284000;1.2282800
1.2334800;1.2300000;1.2281800;1.2288900
1.2240800;1.2358800;1.2257000;1.2334300
1.2337600;1.2354700;1.2237000;1.2240900
1.2301600;1.2350000;1.2238900;1.2337400
1.2350200;1.2390000;1.2284000;1.2301000
1.2352400;1.2373400;1.2296900;1.2351000
1.2348000;1.2352400;1.2350400;1.2347500
1.2442200;1.2353000;1.2340900;1.2352700
1.2402400;1.2461600;1.2348500;1.2443400
1.2306200;1.2476500;1.2371000;1.2402200
1.2300600;1.2421600;1.2298000;1.2307000
1.2319000;1.2335600;1.2282000;1.2300200
1.2323000;1.2330600;1.2287300;1.2323000
1.2320200;1.2323000;1.2323000;1.2321000
1.2301000;1.2330000;1.2319500;1.2325400
1.2269800;1.2345000;1.2280000;1.2301500
1.2277600;1.2336400;1.2252000;1.2269000
1.2239000;1.2314900;1.2255000;1.2277700
1.2278800;1.2290300;1.2217000;1.2239000
1.2282500;1.2291000;1.2214000;1.2281000
1.2285000;1.2282500;1.2278700;1.2278000
1.2320300;1.2287100;1.2274800;1.2283800
1.2355200;1.2330800;1.2259000;1.2319400
1.2366600;1.2377600;1.2301000;1.2354400
1.2325000;1.2396400;1.2346000;1.2365600
1.2328200;1.2379800;1.2298000;1.2325100
1.2328300;1.2346000;1.2306000;1.2328300
1.2331300;1.2328300;1.2328300;1.2327300
1.2378900;1.2337000;1.2326000;1.2329300
1.2368700;1.2394600;1.2321300;1.2378300
1.2373500;1.2413700;1.2335000;1.2368700
1.2344700;1.2397200;1.2341000;1.2372900
1.2287000;1.2400300;1.2328000;1.2345300
1.2286400;1.2353000;1.2249000;1.2285300
1.2271100;1.2286400;1.2285000;1.2286300
1.2208300;1.2286500;1.2263000;1.2271600
1.2231900;1.2290000;1.2196000;1.2208300
1.2160000;1.2244900;1.2180000;1.2231100
1.2103200;1.2238800;1.2158000;1.2159800
1.2128900;1.2210000;1.2093000;1.2102900
1.2125000;1.2133000;1.2053000;1.2128000
1.2121800;1.2128100;1.2125000;1.2124700
1.2077200;1.2130400;1.2119000;1.2128300
1.1991500;1.2140000;1.2062000;1.2076800
1.1950300;1.2084200;1.1979000;1.1992400
1.1988000;1.2031700;1.1936000;1.1949900
1.1958500;1.2010000;1.1946000;1.1987400
1.1956000;1.1995600;1.1909000;1.1951800
1.1922000;1.1966000;1.1945500;1.1963000
1.1863900;1.1978000;1.1896000;1.1921500
1.1849800;1.1938800;1.1837000;1.1863900
1.1914900;1.1897000;1.1821000;1.1850100
1.1938900;1.1946700;1.1841900;1.1914900
1.1941500;1.1970000;1.1890000;1.1942000
1.1940000;1.1942000;1.1941500;1.1943900
1.1926100;1.1950000;1.1936800;1.1937000
1.1837100;1.1996100;1.1924000;1.1926000
1.1806800;1.1940000;1.1819000;1.1837200
1.1793100;1.1854200;1.1762000;1.1806300
1.1772000;1.1837400;1.1775000;1.1793100
1.1769900;1.1822100;1.1749000;1.1768400
1.1770500;1.1769900;1.1767900;1.1760000
1.1790800;1.1779000;1.1760000;1.1767900
1.1778300;1.1795600;1.1715000;1.1791100
1.1694800;1.1830000;1.1755000;1.1777600
1.1719200;1.1789700;1.1674000;1.1694900
1.1645000;1.1750300;1.1689000;1.1719300
1.1650000;1.1733600;1.1644000;1.1649000
1.1684500;1.1650000;1.1649000;1.1654200
1.1623700;1.1688000;1.1647800;1.1686000
1.1538700;1.1730000;1.1605000;1.1623400
1.1663500;1.1640000;1.1509000;1.1539200
1.1690100;1.1676300;1.1517000;1.1661200
1.1657100;1.1724300;1.1640000;1.1690100
1.1658800;1.1718000;1.1616100;1.1658000
1.1659000;1.1658800;1.1658000;1.1654000
1.1697700;1.1661600;1.1651000;1.1658900
1.1716800;1.1744500;1.1655400;1.1697000
1.1773500;1.1732100;1.1651000;1.1716200
1.1797700;1.1795700;1.1709000;1.1773200
1.1769000;1.1840000;1.1771000;1.1798100
1.1767700;1.1810300;1.1725000;1.1767000
1.1774000;1.1767700;1.1767000;1.1764000
1.1782100;1.1777300;1.1751900;1.1772300
1.1744200;1.1820600;1.1770000;1.1782000
1.1790800;1.1810000;1.1732000;1.1744500
1.1566500;1.1801000;1.1724800;1.1790800
1.1609000;1.1851800;1.1562000;1.1565600
1.1609000;1.1627000;1.1542000;1.1609000
1.1586000;1.1609000;1.1609000;1.1606000
1.1622200;1.1610000;1.1583000;1.1587500
1.1586900;1.1624400;1.1564000;1.1622200
1.1570200;1.1644500;1.1529800;1.1586900
1.1602600;1.1600000;1.1536000;1.1570300
1.1654000;1.1633500;1.1507000;1.1603200
1.1653600;1.1675000;1.1598000;1.1653600
1.1664000;1.1653600;1.1653600;1.1656500
1.1703000;1.1669000;1.1654000;1.1664000
1.1646300;1.1713100;1.1627000;1.1702700
1.1553000;1.1720500;1.1634000;1.1646100
1.1568400;1.1672200;1.1539000;1.1553600
1.1688000;1.1600600;1.1526000;1.1567100
1.1683900;1.1690400;1.1557000;1.1684000
1.1675700;1.1684000;1.1682100;1.1650800
1.1638700;1.1690600;1.1629000;1.1675000
1.1656800;1.1691800;1.1590000;1.1638900
1.1655400;1.1673200;1.1619000;1.1654900
1.1689000;1.1681900;1.1628000;1.1655500
1.1742000;1.1720300;1.1648000;1.1689500
1.1746200;1.1767800;1.1679000;1.1745000
1.1741000;1.1746200;1.1744000;1.1743000
1.1750200;1.1754000;1.1735000;1.1740400
1.1744200;1.1790800;1.1731000;1.1749600
1.1672100;1.1762700;1.1689000;1.1743600
1.1669900;1.1760000;1.1664000;1.1672700
1.1684300;1.1695800;1.1648000;1.1670000
1.1688000;1.1686800;1.1611000;1.1682000
1.1710700;1.1692000;1.1682000;1.1689300
1.1660700;1.1725400;1.1674000;1.1710800
1.1638400;1.1744700;1.1649000;1.1659800
1.1640500;1.1665000;1.1600000;1.1637800
1.1721000;1.1678500;1.1574000;1.1641700
1.1718000;1.1738900;1.1625000;1.1722000
1.1725500;1.1722000;1.1718000;1.1722000
1.1691500;1.1734000;1.1719700;1.1724800
1.1685700;1.1751200;1.1682000;1.1691300
1.1728000;1.1716900;1.1653000;1.1682400
1.1642400;1.1738700;1.1663000;1.1727800
1.1654500;1.1743600;1.1639000;1.1642600
1.1659000;1.1664400;1.1619000;1.1661500
1.1657000;1.1661500;1.1659000;1.1655600
1.1703800;1.1662000;1.1650000;1.1656100
1.1690000;1.1720000;1.1646000;1.1703800
1.1659500;1.1745900;1.1682200;1.1689700
1.1583300;1.1699700;1.1656000;1.1658900
1.1565200;1.1667600;1.1580800;1.1583400
1.1565000;1.1610700;1.1559000;1.1566000
1.1568400;1.1566000;1.1565000;1.1565500
1.1553300;1.1572200;1.1564000;1.1567000
1.1598000;1.1571100;1.1528000;1.1553000
1.1609800;1.1608200;1.1545000;1.1598400
1.1526200;1.1628200;1.1571000;1.1609800
1.1410000;1.1619500;1.1525000;1.1526700
1.1411500;1.1536600;1.1386000;1.1411500
1.1372000;1.1411500;1.1411500;1.1386000
1.1409000;1.1390500;1.1367000;1.1370000
1.1343900;1.1432900;1.1364000;1.1409800
1.1344000;1.1429400;1.1329000;1.1343300
1.1375100;1.1354900;1.1300000;1.1344100
1.1437300;1.1409200;1.1334000;1.1376600
1.1437000;1.1444900;1.1364000;1.1437000
1.1437000;1.1437300;1.1435300;1.1436400
1.1484400;1.1439900;1.1432000;1.1437200
1.1570500;1.1484900;1.1393000;1.1486900
1.1595700;1.1601200;1.1484000;1.1569800
1.1537500;1.1622900;1.1552000;1.1596500
1.1618900;1.1599600;1.1528000;1.1537700
1.1621000;1.1639900;1.1533000;1.1621000
1.1616200;1.1621200;1.1621000;1.1630000
1.1677300;1.1630000;1.1610000;1.1615100
1.1694400;1.1693700;1.1593000;1.1676900
1.1706700;1.1733500;1.1661000;1.1693700
1.1670800;1.1710000;1.1651000;1.1706100
1.1599700;1.1718200;1.1639000;1.1670800
1.1599000;1.1690100;1.1583000;1.1601800
1.1595000;1.1601800;1.1599000;1.1595300
1.1617500;1.1607600;1.1587300;1.1594900
1.1580500;1.1627900;1.1588000;1.1616900
1.1628900;1.1624000;1.1529000;1.1580000
1.1620500;1.1640300;1.1542000;1.1628900
1.1552000;1.1659300;1.1604000;1.1622800
1.1552100;1.1649500;1.1549000;1.1552000
1.1548000;1.1552100;1.1550500;1.1549000
1.1591400;1.1555100;1.1547000;1.1548000
1.1604200;1.1616100;1.1525000;1.1591400
1.1625100;1.1644200;1.1564000;1.1604200
1.1689700;1.1649700;1.1568000;1.1625300
1.1622700;1.1701000;1.1607000;1.1689400
1.1624600;1.1721600;1.1618600;1.1622000
1.1623000;1.1624600;1.1622000;1.1620000
1.1682300;1.1630000;1.1616000;1.1623000
1.1664000;1.1698200;1.1617000;1.1682300
1.1671800;1.1724500;1.1651000;1.1663800
1.1775000;1.1714900;1.1649000;1.1671900
1.1748200;1.1784500;1.1667000;1.1776300
1.1747400;1.1802700;1.1731000;1.1749000
1.1744000;1.1749000;1.1746100;1.1749000
1.1747200;1.1751800;1.1737000;1.1744600
1.1765700;1.1815300;1.1722000;1.1747400
1.1738000;1.1792600;1.1730000;1.1765300
1.1639800;1.1797800;1.1725000;1.1738100
1.1601700;1.1757100;1.1637000;1.1640600
1.1600000;1.1651200;1.1569000;1.1600000
1.1616200;1.1600000;1.1600000;1.1606600
1.1577600;1.1626800;1.1601000;1.1615900
1.1546800;1.1624600;1.1562000;1.1577500
1.1476000;1.1580200;1.1504000;1.1546800
1.1513800;1.1593700;1.1463000;1.1476000
1.1518100;1.1542800;1.1462000;1.1513700
1.1522900;1.1549700;1.1483000;1.1521000
1.1520900;1.1523000;1.1521000;1.1516000
1.1490900;1.1532800;1.1516000;1.1520200
1.1488000;1.1529600;1.1458000;1.1490800
1.1519000;1.1503400;1.1429000;1.1487600
1.1592500;1.1545400;1.1477000;1.1517600
1.1557100;1.1599300;1.1517500;1.1592700
1.1558500;1.1610500;1.1533000;1.1558500
1.1540300;1.1558500;1.1558500;1.1559300
1.1579000;1.1563200;1.1534000;1.1541000
1.1573400;1.1606200;1.1537800;1.1578900
1.1500000;1.1621500;1.1563000;1.1572200
1.1452400;1.1580500;1.1495000;1.1500000
1.1512300;1.1527300;1.1448000;1.1452200
1.1512900;1.1534600;1.1432000;1.1513000
1.1515500;1.1514000;1.1511200;1.1510500
1.1463600;1.1518000;1.1507000;1.1514800
1.1468300;1.1550200;1.1454000;1.1463400
1.1391300;1.1493800;1.1438000;1.1470100
1.1374100;1.1476800;1.1378000;1.1391400
1.1401000;1.1432600;1.1355000;1.1374500
1.1400000;1.1421200;1.1334000;1.1402000
1.1390100;1.1402000;1.1400000;1.1405800
1.1372100;1.1409000;1.1385000;1.1392000
1.1343400;1.1416400;1.1359000;1.1372100
1.1311300;1.1387900;1.1337000;1.1343100
1.1407900;1.1360400;1.1300000;1.1311000
1.1386200;1.1424100;1.1304600;1.1407700
1.1387000;1.1455800;1.1371000;1.1389000
1.1399600;1.1389000;1.1385400;1.1395000
1.1407700;1.1406900;1.1394000;1.1399500
1.1417800;1.1424000;1.1352800;1.1407500
1.1438700;1.1438000;1.1390000;1.1417700
1.1359000;1.1499700;1.1393000;1.1438900
1.1337300;1.1446900;1.1350000;1.1360200
1.1333000;1.1369000;1.1315000;1.1336800
1.1314000;1.1339800;1.1331000;1.1332000
1.1233400;1.1332000;1.1310000;1.1314000
1.1284800;1.1331000;1.1232000;1.1233400
1.1322400;1.1293600;1.1214000;1.1284800
1.1331800;1.1347600;1.1262000;1.1322400
1.1415100;1.1362400;1.1269800;1.1332500
1.1418000;1.1420100;1.1318000;1.1416000
1.1402000;1.1420300;1.1411000;1.1408000
1.1450000;1.1411600;1.1397000;1.1402600
1.1369000;1.1465000;1.1393000;1.1451200
1.1382300;1.1472400;1.1356000;1.1369100
1.1404900;1.1424800;1.1362000;1.1382500
1.1329000;1.1434100;1.1378700;1.1404200
1.1336500;1.1421200;1.1326200;1.1329600
1.1341000;1.1338000;1.1327000;1.1340600
1.1333900;1.1348000;1.1338000;1.1339000
1.1296300;1.1383700;1.1324000;1.1333900
1.1369500;1.1343700;1.1276000;1.1296500
1.1389300;1.1387500;1.1265000;1.1369500
1.1321400;1.1401800;1.1347000;1.1389400
1.1319200;1.1400500;1.1304000;1.1320700
1.1356900;1.1322200;1.1312200;1.1346500
1.1344800;1.1367300;1.1342000;1.1357000
1.1337600;1.1379800;1.1318000;1.1344200
1.1344000;1.1419000;1.1317000;1.1337600
1.1381900;1.1361300;1.1309900;1.1344500
1.1410900;1.1412600;1.1320000;1.1381900
1.1389200;1.1423700;1.1359000;1.1410600
1.1386600;1.1412000;1.1377600;1.1395000
1.1354700;1.1402300;1.1380000;1.1385000
1.1326500;1.1442700;1.1348000;1.1354700
1.1370900;1.1400400;1.1305000;1.1326400
1.1363800;1.1387300;1.1312000;1.1371000
1.1299900;1.1393300;1.1330000;1.1363200
1.1307000;1.1365000;1.1268000;1.1300100
1.1301000;1.1307000;1.1298000;1.1302800
1.1345200;1.1305500;1.1297000;1.1302000
1.1363800;1.1357700;1.1296900;1.1345300
1.1373200;1.1402300;1.1335000;1.1363100
1.1459600;1.1439300;1.1354600;1.1372800
1.1358800;1.1485900;1.1366000;1.1459800
1.1367000;1.1474000;1.1354000;1.1358800
1.1361800;1.1374600;1.1356000;1.1369700
1.1405500;1.1387000;1.1355000;1.1364800
1.1387000;1.1438600;1.1359000;1.1405400
1.1353400;1.1417600;1.1364500;1.1387000
1.1439700;1.1420000;1.1341000;1.1353400
1.1442000;1.1454200;1.1347000;1.1439800
1.1441500;1.1472800;1.1425000;1.1441900
1.1440000;1.1451000;1.1437900;1.1445000
1.1456000;1.1450000;1.1438000;1.1441600
1.1459000;1.1466100;1.1420000;1.1456000
1.1345400;1.1545000;1.1446000;1.1454300
1.1398300;1.1496800;1.1324000;1.1345400
1.1402600;1.1411000;1.1308000;1.1398100
1.1394200;1.1419100;1.1344000;1.1402200
1.1399000;1.1403400;1.1392500;1.1396500
1.1476800;1.1401000;1.1395000;1.1397900
1.1440200;1.1482600;1.1393200;1.1476100
1.1554100;1.1484600;1.1421000;1.1440300
1.1497800;1.1558000;1.1435000;1.1553500
1.1462600;1.1569800;1.1483000;1.1497800
1.1464000;1.1540600;1.1456000;1.1462500
1.1452000;1.1469300;1.1457000;1.1461200
1.1468600;1.1463200;1.1439000;1.1451700
1.1413200;1.1482100;1.1449000;1.1468600
1.1391700;1.1489700;1.1380000;1.1412700
1.1391300;1.1424800;1.1376000;1.1392600
1.1365100;1.1407000;1.1369000;1.1390000
1.1360000;1.1410400;1.1352000;1.1365000
1.1363600;1.1366000;1.1359000;1.1361700
1.1368100;1.1366300;1.1360000;1.1363700
1.1351700;1.1391100;1.1355000;1.1368100
1.1382500;1.1374000;1.1335000;1.1352200
1.1307700;1.1394400;1.1349000;1.1382500
1.1414600;1.1391400;1.1288000;1.1307800
1.1405000;1.1417600;1.1299000;1.1414700
1.1402000;1.1417500;1.1402000;1.1407700
1.1428100;1.1408000;1.1399000;1.1403000
1.1432900;1.1443700;1.1389000;1.1428100
1.1480200;1.1450200;1.1410000;1.1433100
1.1444900;1.1501700;1.1405000;1.1480800
1.1458700;1.1514300;1.1434000;1.1444100
1.1453500;1.1488500;1.1433000;1.1459400
1.1448000;1.1461700;1.1452000;1.1462500
1.1434300;1.1462500;1.1444000;1.1448000
1.1412800;1.1460400;1.1422000;1.1434300
1.1368200;1.1444000;1.1400000;1.1412800
1.1342500;1.1416000;1.1360000;1.1368100
1.1322100;1.1369000;1.1323000;1.1342500
1.1321000;1.1350900;1.1319000;1.1322200
1.1321000;1.1325200;1.1317000;1.1326000
1.1276400;1.1329900;1.1321000;1.1321900
1.1331500;1.1330000;1.1265000;1.1276300
1.1266300;1.1339700;1.1256000;1.1331500
1.1291500;1.1341500;1.1262000;1.1266300
1.1299100;1.1310000;1.1247000;1.1291400
1.1294000;1.1306200;1.1233000;1.1299100
1.1300300;1.1299700;1.1289000;1.1285900
1.1314100;1.1300900;1.1281000;1.1300200
1.1342700;1.1334000;1.1288000;1.1314100
1.1339500;1.1357600;1.1274000;1.1342700
1.1338400;1.1371300;1.1324000;1.1339900
1.1332100;1.1366400;1.1319000;1.1338700
1.1334400;1.1355700;1.1315000;1.1332100
1.1345000;1.1334500;1.1328000;1.1330900
1.1361300;1.1347700;1.1330900;1.1347600
1.1391800;1.1367600;1.1324000;1.1361300
1.1371000;1.1402800;1.1344000;1.1391900
1.1373100;1.1403600;1.1361000;1.1371200
1.1364400;1.1419700;1.1357000;1.1373100
1.1362000;1.1408700;1.1350000;1.1363900
1.1385000;1.1368300;1.1361000;1.1370000
1.1342200;1.1389100;1.1370000;1.1387000
1.1307700;1.1387000;1.1308000;1.1342300
1.1311000;1.1343000;1.1288000;1.1307700
1.1181200;1.1324600;1.1284800;1.1311000
1.1231700;1.1320200;1.1175000;1.1180600
1.1234700;1.1246200;1.1178000;1.1231700
1.1232700;1.1235200;1.1229000;1.1237700
1.1243900;1.1244400;1.1230000;1.1231800
1.1285600;1.1258400;1.1220000;1.1244300
1.1326800;1.1304900;1.1242100;1.1286200
1.1303400;1.1338600;1.1276000;1.1325800
1.1323600;1.1338000;1.1293000;1.1303200
1.1324000;1.1344400;1.1296000;1.1326000
1.1320000;1.1326000;1.1324000;1.1322700
1.1335100;1.1326300;1.1315000;1.1320000
1.1351000;1.1359000;1.1317000;1.1335100
1.1413100;1.1361700;1.1331300;1.1351300
1.1372600;1.1448200;1.1334000;1.1412900
1.1299900;1.1437400;1.1341000;1.1372800
1.1300000;1.1390700;1.1272000;1.1300900
1.1289000;1.1301800;1.1299000;1.1284000
1.1311200;1.1292000;1.1282000;1.1289300
1.1263900;1.1331600;1.1288000;1.1311400
1.1243900;1.1326000;1.1262000;1.1265200
1.1218300;1.1285600;1.1241000;1.1243500
1.1217200;1.1261300;1.1212000;1.1218800
1.1217000;1.1247000;1.1208000;1.1215900
1.1229200;1.1217200;1.1215900;1.1223700
1.1212000;1.1240800;1.1219000;1.1226800
1.1203000;1.1250000;1.1202000;1.1212500
1.1232000;1.1216000;1.1182000;1.1203900
1.1219900;1.1254700;1.1197000;1.1231600
1.1214000;1.1247700;1.1205000;1.1218900
1.1212000;1.1248100;1.1209000;1.1216100
1.1217200;1.1216100;1.1212000;1.1217700
1.1260500;1.1219500;1.1214000;1.1213000
1.1261200;1.1274600;1.1209600;1.1262300
1.1273000;1.1284300;1.1253000;1.1261500
1.1251300;1.1287700;1.1228000;1.1272900
1.1296400;1.1287500;1.1248000;1.1251900
1.1298400;1.1323900;1.1250800;1.1298400
1.1303000;1.1298400;1.1298400;1.1298600
1.1303000;1.1305400;1.1293000;1.1303000
1.1279700;1.1321000;1.1296600;1.1302600
1.1293700;1.1314100;1.1278900;1.1280400
1.1228200;1.1323700;1.1277000;1.1292900
1.1242800;1.1304100;1.1224000;1.1229500
1.1244900;1.1248000;1.1226700;1.1243000
1.1244600;1.1244900;1.1243000;1.1243900
1.1256600;1.1247700;1.1238300;1.1245200
1.1227000;1.1262000;1.1234000;1.1256900
1.1152600;1.1261300;1.1191000;1.1226900
1.1130900;1.1229000;1.1139000;1.1152900
1.1144600;1.1162500;1.1117000;1.1130900
1.1149000;1.1174000;1.1109000;1.1146000
1.1146000;1.1149000;1.1146000;1.1154400
1.1184000;1.1158400;1.1140000;1.1144500
1.1215100;1.1186900;1.1143000;1.1185300
1.1194900;1.1229300;1.1174000;1.1214200
1.1171300;1.1264900;1.1186000;1.1194200
1.1201100;1.1219100;1.1169000;1.1170900
1.1193300;1.1205000;1.1134000;1.1193300
1.1172000;1.1193300;1.1193300;1.1165000
1.1197600;1.1186100;1.1157000;1.1177900
1.1189000;1.1209300;1.1167000;1.1198900
1.1191600;1.1217900;1.1165000;1.1190000
1.1213800;1.1213800;1.1181000;1.1191500
1.1232900;1.1251000;1.1172000;1.1213200
1.1237900;1.1253600;1.1211500;1.1237900
1.1234300;1.1237900;1.1237900;1.1234300
1.1220800;1.1234800;1.1229000;1.1232000
1.1202500;1.1263600;1.1220000;1.1221500
1.1200800;1.1244000;1.1200000;1.1203200
1.1173500;1.1224700;1.1176000;1.1199700
1.1155800;1.1224000;1.1164000;1.1173400
1.1158100;1.1184300;1.1154000;1.1158100
1.1164600;1.1158100;1.1158100;1.1161000
1.1165900;1.1167500;1.1150000;1.1159500
1.1158800;1.1175000;1.1148000;1.1166000
1.1150300;1.1188000;1.1140000;1.1158600
1.1181500;1.1180300;1.1147000;1.1149400
1.1202100;1.1187500;1.1106000;1.1181700
1.1202000;1.1212100;1.1171000;1.1202000
1.1208100;1.1202000;1.1202000;1.1190000
1.1191300;1.1212000;1.1189400;1.1208900
1.1159800;1.1215200;1.1185000;1.1190500
1.1130900;1.1198400;1.1158000;1.1160200
1.1128000;1.1172500;1.1122000;1.1130500
1.1166300;1.1143400;1.1115000;1.1128600
1.1168600;1.1179800;1.1124000;1.1169000
1.1165000;1.1169000;1.1168600;1.1167500
1.1240300;1.1173200;1.1152000;1.1163600
1.1250000;1.1262000;1.1159000;1.1240900
1.1221000;1.1277400;1.1225000;1.1251700
1.1275100;1.1306800;1.1218000;1.1220700
1.1331500;1.1309000;1.1200000;1.1275900
1.1333000;1.1347900;1.1250000;1.1331400
1.1322600;1.1333000;1.1331400;1.1320000
1.1310700;1.1327700;1.1307000;1.1322500
1.1325400;1.1330900;1.1289000;1.1311300
1.1287100;1.1337600;1.1300000;1.1325800
1.1276400;1.1343500;1.1281000;1.1286900
1.1208900;1.1303800;1.1267000;1.1275700
1.1210900;1.1289300;1.1201000;1.1211000
1.1217900;1.1216000;1.1203000;1.1208000
1.1193600;1.1247100;1.1202000;1.1218100
1.1226200;1.1243000;1.1180000;1.1193200
1.1291700;1.1254200;1.1185000;1.1226000
1.1366700;1.1317400;1.1224600;1.1292000
1.1368500;1.1377800;1.1281000;1.1367200
1.1370000;1.1368500;1.1367000;1.1360000
1.1397700;1.1376300;1.1360000;1.1369600
1.1365100;1.1404100;1.1364400;1.1397800
1.1367800;1.1412200;1.1343000;1.1366200
1.1368600;1.1391400;1.1346000;1.1368600
1.1369300;1.1381600;1.1346000;1.1368900
1.1373300;1.1393600;1.1349000;1.1373300
1.1360000;1.1373300;1.1373300;1.1369700
1.1285000;1.1369700;1.1355000;1.1360000
1.1284000;1.1371100;1.1280000;1.1285000
1.1277100;1.1321800;1.1273000;1.1284500
1.1284400;1.1312400;1.1267000;1.1277600
1.1222300;1.1295200;1.1271000;1.1283700
1.1224500;1.1287800;1.1206000;1.1222500
1.1222000;1.1224500;1.1222500;1.1222000
1.1213700;1.1226500;1.1216000;1.1225000
1.1207800;1.1234400;1.1205000;1.1213700
1.1250300;1.1219000;1.1192000;1.1207700
1.1253000;1.1264400;1.1200000;1.1250200
1.1268900;1.1286000;1.1244000;1.1254000
1.1270000;1.1275000;1.1237000;1.1268800
1.1257700;1.1270000;1.1268800;1.1273900
1.1209800;1.1283900;1.1252000;1.1257000
1.1224000;1.1263400;1.1200000;1.1209600
1.1276700;1.1233700;1.1198000;1.1223700
1.1219900;1.1280500;1.1204000;1.1276000
1.1221100;1.1282000;1.1202000;1.1220000
1.1213000;1.1221100;1.1220000;1.1215400
1.1207000;1.1219400;1.1212000;1.1214900
1.1151700;1.1225500;1.1205000;1.1208500
1.1139800;1.1209700;1.1144000;1.1151900
1.1146300;1.1155800;1.1126000;1.1140300
1.1125200;1.1187700;1.1100000;1.1146800
1.1127800;1.1151100;1.1111000;1.1127800
1.1129400;1.1127800;1.1127800;1.1126200
1.1141000;1.1132600;1.1120700;1.1129100
1.1156400;1.1151000;1.1112000;1.1142300
1.1071300;1.1161100;1.1131000;1.1156700
1.1078900;1.1162100;1.1059000;1.1071500
1.1108300;1.1096100;1.1025000;1.1078700
1.1107700;1.1116400;1.1068000;1.1109700
1.1240000;1.1113600;1.1100900;1.1107900
1.1205200;1.1245300;1.1105000;1.1241600
1.1203900;1.1249600;1.1166000;1.1204600
1.1186100;1.1241900;1.1177500;1.1204000
1.1197000;1.1232500;1.1176000;1.1186100
1.1207300;1.1223000;1.1182000;1.1199700
1.1216000;1.1208100;1.1194000;1.1207400
1.1176200;1.1230800;1.1161000;1.1215500
1.1142800;1.1228600;1.1168000;1.1176200
1.1110400;1.1190800;1.1129000;1.1142800
1.1090000;1.1158500;1.1090000;1.1110400
1.1092000;1.1111400;1.1065000;1.1094900
1.1081400;1.1101200;1.1087000;1.1092000
1.1097200;1.1113700;1.1075000;1.1080000
1.1090200;1.1107000;1.1064000;1.1096500
1.1083600;1.1107100;1.1080000;1.1090300
1.1143100;1.1113300;1.1062000;1.1083500
1.1142000;1.1153200;1.1050000;1.1144700
1.1101400;1.1163900;1.1138100;1.1143300
1.1089400;1.1152900;1.1093000;1.1100700
1.1085600;1.1116100;1.1084000;1.1088800
1.1058800;1.1098100;1.1072000;1.1085500
1.0989000;1.1093300;1.1041000;1.1059000
1.0990300;1.1060000;1.0961000;1.0987500
1.0964400;1.0997500;1.0981300;1.0990200
1.0972500;1.0993200;1.0956000;1.0964100
1.1034700;1.0978900;1.0924000;1.0972600
1.1033900;1.1038500;1.0970000;1.1033900
1.1028900;1.1084700;1.1016000;1.1033800
1.1020100;1.1057300;1.1018000;1.1024900
1.1046900;1.1028400;1.1018000;1.1020100
1.1050100;1.1068100;1.1014000;1.1047000
1.1013000;1.1059500;1.1029000;1.1050100
1.1055800;1.1055700;1.0983000;1.1013400
1.1071000;1.1087300;1.0926000;1.1056000
1.1083000;1.1109600;1.1055000;1.1075800
1.1002600;1.1087000;1.1067400;1.1083200
1.1073700;1.1084400;1.0991600;1.1003100
1.1029100;1.1075700;1.0989000;1.1073700
1.1044700;1.1075000;1.1012000;1.1029100
1.1017000;1.1073500;1.1021000;1.1044600
1.1017000;1.1067800;1.0995000;1.1011400
1.0993700;1.1020000;1.1008700;1.1018600
1.1013500;1.1025500;1.0964000;1.0993900
1.0951200;1.1024100;1.0982000;1.1012600
1.0921500;1.1017000;1.0936000;1.0951200
1.0939400;1.0967400;1.0907900;1.0922300
1.0942200;1.0958700;1.0903800;1.0938500
1.0899300;1.0946300;1.0937500;1.0942100
1.0933300;1.0947800;1.0883900;1.0899300
1.0960200;1.0942900;1.0878000;1.0933900
1.0974100;1.0963700;1.0903000;1.0960200
1.0975000;1.0999400;1.0939000;1.0974500
1.0982600;1.0999100;1.0956000;1.0982200
1.0971600;1.0984000;1.0967000;1.0983300
1.0959100;1.1000600;1.0960000;1.0971600
1.0984200;1.0996100;1.0939000;1.0959000
1.1010600;1.0990800;1.0953000;1.0983500
1.1035600;1.1033900;1.0978000;1.1010600
1.1027400;1.1062800;1.1000000;1.1044700
1.1026000;1.1045300;1.1024000;1.1027600
1.1034400;1.1042800;1.1011800;1.1025800
1.1073700;1.1046100;1.0989000;1.1033700
1.1123900;1.1085600;1.1021000;1.1073900
1.1182000;1.1139800;1.1063000;1.1124500
1.1155800;1.1183000;1.1113000;1.1145000
1.1151700;1.1164700;1.1135000;1.1155600
1.1129000;1.1179500;1.1137600;1.1150900
1.1132100;1.1157000;1.1116600;1.1128200
1.1102300;1.1140500;1.1105000;1.1131000
1.1079900;1.1163000;1.1091000;1.1102400
1.1083900;1.1123100;1.1071000;1.1084900
1.1097400;1.1084900;1.1074400;1.1083200
1.1111000;1.1106700;1.1071000;1.1098200
1.1152000;1.1118500;1.1072000;1.1112100
1.1156000;1.1155400;1.1078900;1.1152100
1.1164000;1.1175800;1.1130000;1.1156000
1.1166000;1.1171900;1.1127000;1.1164900
1.1127900;1.1170400;1.1161100;1.1166000
1.1073700;1.1175500;1.1120000;1.1127900
1.1070100;1.1140200;1.1062000;1.1074000
1.1052400;1.1092900;1.1063000;1.1069900
1.1018900;1.1091600;1.1034900;1.1052400
1.1021800;1.1055400;1.1015000;1.1017400
1.1034500;1.1025500;1.1016700;1.1021800
1.1011000;1.1043100;1.1015000;1.1034700
1.1009600;1.1038600;1.1001000;1.1011900
1.1019300;1.1020300;1.0994000;1.1009300
1.1051200;1.1027500;1.0988000;1.1019600
1.1053900;1.1057000;1.1013000;1.1051400
1.1072100;1.1054700;1.1046800;1.1053900
1.1076900;1.1090000;1.1052000;1.1072300
1.1077900;1.1083900;1.1061000;1.1078000
1.1065600;1.1081500;1.1051000;1.1077900
1.1022000;1.1097000;1.1051000;1.1065300
1.1022500;1.1087600;1.1013000;1.1024400
1.1009400;1.1025500;1.1012000;1.1022600
1.1022000;1.1032300;1.1002000;1.1010400
1.1004900;1.1025600;1.1006000;1.1022000
1.1011200;1.1022300;1.0990000;1.1005000
1.1017300;1.1018000;1.0999000;1.1011200
1.1018200;1.1028300;1.0980000;1.1013900
1.1076000;1.1027100;1.1013000;1.1018200
1.1081800;1.1090800;1.1001000;1.1075800
1.1082300;1.1093600;1.1065000;1.1081900
1.1103900;1.1116100;1.1065000;1.1082400
1.1056400;1.1108100;1.1078000;1.1103900
1.1058100;1.1109700;1.1038000;1.1054000
1.1064300;1.1061000;1.1053000;1.1058100
1.1092400;1.1078000;1.1052000;1.1064400
1.1132700;1.1097800;1.1061000;1.1092200
1.1183200;1.1144900;1.1069000;1.1132700
1.1122300;1.1199700;1.1101900;1.1183300
1.1124300;1.1186100;1.1110000;1.1126100
1.1135500;1.1133000;1.1118000;1.1124300
1.1151400;1.1158200;1.1121000;1.1135700
1.1114700;1.1174700;1.1128000;1.1151400
1.1122800;1.1151400;1.1109000;1.1115500
1.1075900;1.1144300;1.1106000;1.1123100
1.1080100;1.1123700;1.1065000;1.1076900
1.1092000;1.1086100;1.1075000;1.1080100
1.1086600;1.1096000;1.1068000;1.1091600
1.1094400;1.1094000;1.1068000;1.1087300
1.1100300;1.1102300;1.1072000;1.1094400
1.1175400;1.1109000;1.1081000;1.1101100
1.1180000;1.1188400;1.1097000;1.1178300
1.1201000;1.1184000;1.1169000;1.1181200
1.1211700;1.1221000;1.1179000;1.1201300
1.1218800;1.1239300;1.1197000;1.1215400
1.1170600;1.1222100;1.1208000;1.1218800
1.1159800;1.1224500;1.1162000;1.1170700
1.1160500;1.1180000;1.1123000;1.1165000
1.1195300;1.1168900;1.1157000;1.1160200
1.1154000;1.1205500;1.1155000;1.1195400
1.1112700;1.1197100;1.1132000;1.1154100
1.1109200;1.1168200;1.1100000;1.1112900
1.1120000;1.1120400;1.1092000;1.1109300
1.1116000;1.1129200;1.1084000;1.1117500
1.1134300;1.1122500;1.1110800;1.1116300
1.1127500;1.1147000;1.1111000;1.1134400
1.1152200;1.1144600;1.1103000;1.1127600
1.1136900;1.1163400;1.1117000;1.1152200
1.1088000;1.1172800;1.1127000;1.1136900
1.1094500;1.1142800;1.1084000;1.1094400
1.1096200;1.1098100;1.1086000;1.1093700
1.1085100;1.1102400;1.1075000;1.1095900
1.1095700;1.1118100;1.1079000;1.1085100
1.1055100;1.1098500;1.1069000;1.1095700
1.1025100;1.1108700;1.1035000;1.1055200
1.1024100;1.1061700;1.1019000;1.1023900
1.1018800;1.1037400;1.1022800;1.1024500
1.1021700;1.1037600;1.1008000;1.1019300
1.1013700;1.1025300;1.0996000;1.1022000
1.1028400;1.1027700;1.0991000;1.1013800
1.1091700;1.1039400;1.1005000;1.1028200
1.1089100;1.1095700;1.1015000;1.1084600
1.1061000;1.1095000;1.1078800;1.1089100
1.1044600;1.1089100;1.1034500;1.1062000
1.1000400;1.1064200;1.1031000;1.1044300
1.0980700;1.1047900;1.0992000;1.1000300
1.0944000;1.1014000;1.0963000;1.0980800
1.0949000;1.0985000;1.0940000;1.0946700
1.0910100;1.0951400;1.0940100;1.0948400
1.0918900;1.0957500;1.0906700;1.0910100
1.0874700;1.0924800;1.0890200;1.0918900
1.0840300;1.0925600;1.0863000;1.0874700
1.0830100;1.0889000;1.0833000;1.0841300
1.0840300;1.0861200;1.0825900;1.0824000
1.0835000;1.0844000;1.0818900;1.0841300
1.0794700;1.0851000;1.0827000;1.0836100
1.0809600;1.0837300;1.0783800;1.0794700
1.0787500;1.0812000;1.0780000;1.0808200
1.0847100;1.0821100;1.0776500;1.0786700
1.0838500;1.0863500;1.0785000;1.0846000
1.0848700;1.0848300;1.0809000;1.0838600
1.0879500;1.0872200;1.0804000;1.0848300
1.0886200;1.0890200;1.0828000;1.0879700
1.0996300;1.0908700;1.0854000;1.0886400
1.1028900;1.1006600;1.0883000;1.0996500
1.1051700;1.1053100;1.0948900;1.1012400
1.1144300;1.1073900;1.1009900;1.1050200
1.1176500;1.1184600;1.1034200;1.1143400
1.1138000;1.1212900;1.1094000;1.1175600
1.1222500;1.1187600;1.1094000;1.1138200
1.1285000;1.1245000;1.1118000;1.1222600
1.1386800;1.1354800;1.1210400;1.1290000
1.1399100;1.1396500;1.1290000;1.1387700
1.1313600;1.1496100;1.1354800;1.1399000
1.1260500;1.1425300;1.1273300;1.1313700
1.1182200;1.1366700;1.1249000;1.1261100
1.1105000;1.1333600;1.1053600;1.1182300
1.1155400;1.1221300;1.1053300;1.1098000
1.1163600;1.1199500;1.1047000;1.1153600
1.1016100;1.1236700;1.1082300;1.1163500
1.0943000;1.1189300;1.0952500;1.1015300
1.0654100;1.1045400;1.0800000;1.0943300
1.0692900;1.0949200;1.0652000;1.0654000
1.0688300;1.0831000;1.0635800;1.0690000
1.0763200;1.0712000;1.0633000;1.0686800
1.0797800;1.0828200;1.0656000;1.0761200
1.0888000;1.0888100;1.0743900;1.0798200
1.1046900;1.0894000;1.0758000;1.0887700
1.1140000;1.1058900;1.0872500;1.1047400
1.1136100;1.1147300;1.0951900;1.1140000
1.1029200;1.1144400;1.1103600;1.1136300
1.1026300;1.1138500;1.1008000;1.1028700
1.0950000;1.1043000;1.0924600;1.1025700
1.0845600;1.1036200;1.0900900;1.0951500
1.0812400;1.0964500;1.0819000;1.0845900
1.0804700;1.0855300;1.0770900;1.0820000
1.0798900;1.0821800;1.0801500;1.0805200
1.0893100;1.0835600;1.0767500;1.0798400
1.0859600;1.0926600;1.0788400;1.0893200
1.0922300;1.0897000;1.0827800;1.0859600
1.0928600;1.0951700;1.0839000;1.0922800
1.0930800;1.0952700;1.0917000;1.0943000
1.0919400;1.0950000;1.0929000;1.0931500
1.0982000;1.0967900;1.0890800;1.0919400
1.0903700;1.0990800;1.0913000;1.0982700
1.0857000;1.0987300;1.0855000;1.0903700
1.0873500;1.0907300;1.0815000;1.0858400
1.0863300;1.0892700;1.0810000;1.0848000
1.0863600;1.0878000;1.0848000;1.0863200
1.0855300;1.0896900;1.0839600;1.0862300
1.0806300;1.0880300;1.0814800;1.0856200
1.0773500;1.0885300;1.0801600;1.0805000
1.0824200;1.0846800;1.0753900;1.0773800
1.0820000;1.0829600;1.0725000;1.0822000
1.0824100;1.0824200;1.0807000;1.0819300
1.0831400;1.0860400;1.0810000;1.0824400
1.0875800;1.0888500;1.0807500;1.0832500
1.0943900;1.0885700;1.0828900;1.0877300
1.0979800;1.0972800;1.0831400;1.0944800
1.0960800;1.1019000;1.0933000;1.0978000
1.0902300;1.0978000;1.0952000;1.0960800
1.0838300;1.0961000;1.0894000;1.0903100
1.0797800;1.0926000;1.0823800;1.0838700
1.0834800;1.0844000;1.0780000;1.0797100
1.0837900;1.0841000;1.0764000;1.0835100
1.0837600;1.0875700;1.0813600;1.0839000
1.0808100;1.0839600;1.0820500;1.0837600
1.0845300;1.0850500;1.0799000;1.0809400
1.0820700;1.0885200;1.0782700;1.0845200
1.0805600;1.0896500;1.0810000;1.0821100
1.0817900;1.0824000;1.0773000;1.0804900
1.0818500;1.0851200;1.0787500;1.0838000
1.0913700;1.0838000;1.0806000;1.0818700
1.0926000;1.0927000;1.0798000;1.0913900
1.0978900;1.0976100;1.0900600;1.0925000
1.0949000;1.0999000;1.0923900;1.0978200
1.0900000;1.1008500;1.0935800;1.0948700
1.0907700;1.0956000;1.0883900;1.0898000
1.0901400;1.0908300;1.0888000;1.0907900
1.0978000;1.0914500;1.0869000;1.0900700
1.1016400;1.0996000;1.0895000;1.0978000
1.1077800;1.1030900;1.0932400;1.1016600
1.1106900;1.1093600;1.0990000;1.1077600
1.1115000;1.1145200;1.1068000;1.1105000
1.1125000;1.1122000;1.1101400;1.1115800
1.1184000;1.1154100;1.1099000;1.1124400
1.1233600;1.1196000;1.1113000;1.1183100
1.1335300;1.1257900;1.1177600;1.1234800
1.1287300;1.1362700;1.1193000;1.1334000
1.1315200;1.1384000;1.1276000;1.1271000
1.1303000;1.1319800;1.1271000;1.1315700
1.1331000;1.1318600;1.1266000;1.1303100
1.1366500;1.1363800;1.1239000;1.1331600
1.1286500;1.1422500;1.1320500;1.1366700
1.1260100;1.1403700;1.1285000;1.1287600
1.1251400;1.1340600;1.1211000;1.1248000
1.1337300;1.1258700;1.1225000;1.1251400
1.1263100;1.1338400;1.1225000;1.1335700
1.1241600;1.1353400;1.1226000;1.1265000
1.1207200;1.1293900;1.1205000;1.1242000
1.1176000;1.1261400;1.1184000;1.1207200
1.1176400;1.1254400;1.1166000;1.1190000
1.1277800;1.1194000;1.1167000;1.1176500
1.1312400;1.1281000;1.1172000;1.1277600
1.1249700;1.1348600;1.1231000;1.1312100
1.1216300;1.1325800;1.1246000;1.1249500
1.1217600;1.1259700;1.1189000;1.1217000
1.1221600;1.1239400;1.1193600;1.1224000
1.1246600;1.1228100;1.1215500;1.1221700
1.1233000;1.1287900;1.1217000;1.1245800
1.1250000;1.1262000;1.1188500;1.1233200
1.1237200;1.1275200;1.1182900;1.1251200
1.1246400;1.1302700;1.1221500;1.1237700
1.1246500;1.1251800;1.1217800;1.1243000
1.1311500;1.1249500;1.1240300;1.1245700
1.1273600;1.1345500;1.1245000;1.1312100
1.1336900;1.1332600;1.1256900;1.1274100
1.1287100;1.1351800;1.1260600;1.1337100
1.1297300;1.1370600;1.1278800;1.1288200
1.1308600;1.1325000;1.1253000;1.1299000
1.1343800;1.1317400;1.1297000;1.1307300
1.1408000;1.1374900;1.1299000;1.1344500
1.1416800;1.1411600;1.1322900;1.1410600
1.1387800;1.1452000;1.1389000;1.1417000
1.1425300;1.1441800;1.1369000;1.1387000
1.1441200;1.1443700;1.1376000;1.1402000
1.1454900;1.1445700;1.1402000;1.1441700
1.1534100;1.1467700;1.1401000;1.1455400
1.1563600;1.1542300;1.1421000;1.1533300
1.1594500;1.1601500;1.1504900;1.1564000
1.1656000;1.1627200;1.1538900;1.1595200
1.1648700;1.1658100;1.1579600;1.1651000
1.1768200;1.1656000;1.1638000;1.1649700
1.1718000;1.1781500;1.1648000;1.1768200
1.1780700;1.1773700;1.1697000;1.1718100
1.1871700;1.1806400;1.1712000;1.1779400
1.1771000;1.1876400;1.1728800;1.1872000
1.1780200;1.1908800;1.1760000;1.1779000
1.1760300;1.1796800;1.1770000;1.1780600
1.1813300;1.1788900;1.1694000;1.1760400
1.1872000;1.1815000;1.1720000;1.1813400
1.1874500;1.1904900;1.1798000;1.1871800
1.1787000;1.1916200;1.1816900;1.1875500
1.1781000;1.1882000;1.1754000;1.1783000
1.1735100;1.1792000;1.1772000;1.1780200
1.1734700;1.1800700;1.1734000;1.1736100
1.1793800;1.1808000;1.1720000;1.1734500
1.1815300;1.1817100;1.1709000;1.1793000
1.1840800;1.1864200;1.1792000;1.1815300
1.1851700;1.1850400;1.1780000;1.1839000
1.1874500;1.1853000;1.1831300;1.1852000
1.1946200;1.1881000;1.1827000;1.1874500
1.1843600;1.1965600;1.1872000;1.1946300
1.1869600;1.1952700;1.1829000;1.1843300
1.1795800;1.1871100;1.1801000;1.1868400
1.1797300;1.1882900;1.1753000;1.1796000
1.1792600;1.1806800;1.1787500;1.1798300
1.1833900;1.1849600;1.1782000;1.1793200
1.1839100;1.1843900;1.1782000;1.1833100
1.1820400;1.1840600;1.1771000;1.1839300
1.1900800;1.1901900;1.1761000;1.1820000
1.1917200;1.1919700;1.1809000;1.1904200
1.1935700;1.1920200;1.1897900;1.1916000
1.1922300;1.1966100;1.1883000;1.1936500
1.1845200;1.2011400;1.1900000;1.1921500
1.1840700;1.1924100;1.1821000;1.1845000
1.1838900;1.1864600;1.1787000;1.1840400
1.1834200;1.1865400;1.1779000;1.1839000
1.1818800;1.1850600;1.1832000;1.1833700
1.1766500;1.1848700;1.1808600;1.1818300
1.1803500;1.1827600;1.1755900;1.1765900
1.1823100;1.1834200;1.1751000;1.1802700
1.1845300;1.1917500;1.1799000;1.1822300
1.1840500;1.1874200;1.1822000;1.1832000
1.1866100;1.1847500;1.1832000;1.1840300
1.1841100;1.1888000;1.1831000;1.1867100
1.1804300;1.1900500;1.1838000;1.1841600
1.1847000;1.1882600;1.1786000;1.1804300
1.1839000;1.1856100;1.1736000;1.1846300
1.1845600;1.1870500;1.1825000;1.1840000
1.1762900;1.1850000;1.1838700;1.1845000
1.1704000;1.1871900;1.1730000;1.1762500
1.1655700;1.1771600;1.1690000;1.1705300
1.1673600;1.1719000;1.1648000;1.1655700
1.1630000;1.1687000;1.1625000;1.1673400
1.1634100;1.1685100;1.1611000;1.1633000
1.1676100;1.1637900;1.1613100;1.1634200
1.1741400;1.1680000;1.1613000;1.1675900
1.1723200;1.1745800;1.1663000;1.1741400
1.1743000;1.1755000;1.1683000;1.1723000
1.1716000;1.1769600;1.1715000;1.1743000
1.1719100;1.1744600;1.1694000;1.1710200
1.1788000;1.1720100;1.1704600;1.1718600
1.1736000;1.1797500;1.1716000;1.1788800
1.1765000;1.1807700;1.1729000;1.1736900
1.1766400;1.1782000;1.1723000;1.1764800
1.1826000;1.1781800;1.1731000;1.1766200
1.1814000;1.1831000;1.1755700;1.1805800
1.1812700;1.1823200;1.1795800;1.1814900
1.1742000;1.1826800;1.1785000;1.1812700
1.1744300;1.1814000;1.1728000;1.1742100
1.1705500;1.1771000;1.1718400;1.1744400
1.1715800;1.1757800;1.1687000;1.1705500
1.1714000;1.1746200;1.1692000;1.1715800
1.1768200;1.1722900;1.1709900;1.1714200
1.1828700;1.1793800;1.1701000;1.1768200
1.1850700;1.1840800;1.1758000;1.1828800
1.1813000;1.1880700;1.1827000;1.1851400
1.1859000;1.1866900;1.1810000;1.1814600
1.1847800;1.1865000;1.1785000;1.1858000
1.1808900;1.1859900;1.1838000;1.1847900
1.1780000;1.1850700;1.1801000;1.1808900
1.1747300;1.1838800;1.1768000;1.1781600
1.1678100;1.1788000;1.1716000;1.1748000
1.1645900;1.1758800;1.1648000;1.1677800
1.1641200;1.1704300;1.1638000;1.1638000
1.1640400;1.1651200;1.1637000;1.1641200
1.1760000;1.1656000;1.1621000;1.1640400
1.1731900;1.1764100;1.1635000;1.1761300
1.1816500;1.1771000;1.1601600;1.1732100
1.1874500;1.1859800;1.1709000;1.1816600
1.1892200;1.1891000;1.1794000;1.1875000
1.1823100;1.1895000;1.1875000;1.1892300
1.1818300;1.1920100;1.1794000;1.1824100
1.1779200;1.1843300;1.1778000;1.1818300
1.1804000;1.1832700;1.1744000;1.1779300
1.1832000;1.1823200;1.1757000;1.1803200
1.1844500;1.1837500;1.1797000;1.1809000
1.1858300;1.1848900;1.1809000;1.1844700
1.1863400;1.1869000;1.1812000;1.1859100
1.1845000;1.1894000;1.1841600;1.1863600
1.1865300;1.1891100;1.1843000;1.1844700
1.1855000;1.1882600;1.1814000;1.1865100
1.1865400;1.1890800;1.1848000;1.1858000
1.1842100;1.1866100;1.1850700;1.1865700
1.1896000;1.1906100;1.1798900;1.1842100
1.1916400;1.1898000;1.1837000;1.1897300
1.1910000;1.1929700;1.1880000;1.1916500
1.1963000;1.1940900;1.1884000;1.1910900
1.1971500;1.1964100;1.1908000;1.1956800
1.1937000;1.1973900;1.1956700;1.1972100
1.2069700;1.2003300;1.1921700;1.1937200
1.2113000;1.2076700;1.1934000;1.2070500
1.2144500;1.2118500;1.2038000;1.2113800
1.2120000;1.2174600;1.2099000;1.2144900
1.2120000;1.2177500;1.2109000;1.2113000
1.2109000;1.2133100;1.2112200;1.2119000
1.2109000;1.2166300;1.2077000;1.2108500
1.2077800;1.2134000;1.2094000;1.2109400
1.2142400;1.2147500;1.2057000;1.2078500
1.2111000;1.2159000;1.2077000;1.2142400
1.2132200;1.2163000;1.2103000;1.2114000
1.2148500;1.2143500;1.2110000;1.2132800
1.2154300;1.2176800;1.2114000;1.2147700
1.2195200;1.2168900;1.2119400;1.2154200
1.2260700;1.2212300;1.2123800;1.2196200
1.2255000;1.2272800;1.2188900;1.2261500
1.2210000;1.2268800;1.2224000;1.2252000
1.2234400;1.2252000;1.2210000;1.2211800
1.2186100;1.2253100;1.2128000;1.2234800
1.2193900;1.2257100;1.2150000;1.2186900
1.2183200;1.2221000;1.2152000;1.2194100
1.2183200;1.2215700;1.2173200;1.2181600
1.2202900;1.2205000;1.2161000;1.2189000
1.2219400;1.2207300;1.2179400;1.2202900
1.2252000;1.2250400;1.2180000;1.2218600
1.2297600;1.2275300;1.2217000;1.2252100
1.2213800;1.2310100;1.2250000;1.2298200
1.2213800;1.2309300;1.2207000;1.2213800
1.2249900;1.2213800;1.2213800;1.2240900
1.2252300;1.2252700;1.2229000;1.2249600
1.2297700;1.2309900;1.2237000;1.2252700
1.2338000;1.2305700;1.2246000;1.2298700
1.2268000;1.2349500;1.2264000;1.2337800
1.2219300;1.2344500;1.2243000;1.2269000
1.2187100;1.2284800;1.2191000;1.2218000
1.2159000;1.2228400;1.2181000;1.2186300
1.2208300;1.2199800;1.2131000;1.2160600
1.2161700;1.2209700;1.2135000;1.2207800
1.2150500;1.2222900;1.2138000;1.2161900
1.2074900;1.2178500;1.2110000;1.2150500
1.2065500;1.2162500;1.2072000;1.2083100
1.2076900;1.2088200;1.2065000;1.2066400
1.2139100;1.2086900;1.2052000;1.2077800
1.2114500;1.2145000;1.2075000;1.2138900
1.2165300;1.2158200;1.2075000;1.2114500
1.2170200;1.2173200;1.2107000;1.2165400
1.2167000;1.2189600;1.2150000;1.2169700
1.2142600;1.2171600;1.2160300;1.2166700
1.2162500;1.2183300;1.2114000;1.2142500
1.2102000;1.2176000;1.2106000;1.2163300
1.2119800;1.2169800;1.2057000;1.2102800
1.2136200;1.2142400;1.2079000;1.2120800
1.2122700;1.2156000;1.2092000;1.2132000
1.2067700;1.2142200;1.2119000;1.2122700
1.2036000;1.2136500;1.2053000;1.2067700
1.2041000;1.2087800;1.2010000;1.2036800
1.1965600;1.2050200;1.2002000;1.2041300
1.2047600;1.2043000;1.1956000;1.1966300
1.2048400;1.2050000;1.1951000;1.2046000
1.2051000;1.2055100;1.2032700;1.2048400
1.2115600;1.2066000;1.2018000;1.2052200
1.2119100;1.2122000;1.2048000;1.2115800
1.2129700;1.2144100;1.2107000;1.2117900
1.2119000;1.2149500;1.2111000;1.2129700
